<?xml version="1.0" encoding="UTF-8"?>
<flightsDetails>
    <flight>
        <id>101</id>
        <name>AirIndia</name>
        <departure>Delhi</departure>
        <destination>patna</destination>
        <departureTime>10:00 AM</departureTime>
        <ArrivalTime>12:00pm</ArrivalTime>
        
        
    </flight>
    <flight>
        <id>102</id>
        <name>Emirates</name>
        <departure>Mumbai</departure>
        <destination>Rachi</destination>
        <departureTime>11:00 AM</departureTime>
        <ArivalTime>1:00pm</ArivalTime>
    </flight>
    <flight>
        <id>101</id>
        <name>AmericalAirlines</name>
        <departure>Gujrat</departure>
        <destination>Jharkhand</destination>
        <departureTime>10:00 pM</departureTime>
        <ArivalTime>1:00am</ArivalTime>
    </flight>
    <flight>
        <id>101</id>
        <name>AirAsia</name>
        <departure>pune</departure>
        <destination>Darbhanga</destination>
        <departureTime>9:00 AM</departureTime>
         <ArivalTime>11:00am</ArivalTime>
    </flight>

</flightsDetails>